{
    "model": "Neural Network (MLP)",
    "accuracy": 0.8369565217391305,
    "precision": 0.839622641509434,
    "recall": 0.8725490196078431,
    "roc_auc": 0.901482544237207
}