{
    "model": "XGBoost",
    "accuracy": 0.8478260869565217,
    "precision": 0.87,
    "recall": 0.8529411764705882,
    "roc_auc": 0.9157101865136298
}