{
    "model": "Decision Tree",
    "accuracy": 0.8152173913043478,
    "precision": 0.8269230769230769,
    "recall": 0.8431372549019608,
    "roc_auc": 0.8770923003347681
}