{
    "model": "Logistic Regression",
    "accuracy": 0.8913043478260869,
    "precision": 0.8796296296296297,
    "recall": 0.9313725490196079,
    "roc_auc": 0.8864179818268771
}