{
    "model": "Random Forest",
    "accuracy": 0.8804347826086957,
    "precision": 0.8703703703703703,
    "recall": 0.9215686274509803,
    "roc_auc": 0.9312529890004783
}